display_name,stub,dropdown_parent
Home,/,
Browse,/browse.html,
Subjects,/subjects.html,
Locations,/locations.html,
Map,/map.html,
Data,/data.html,
About,/about.html,
Recipe Creators,,
Alexis Nold,/alexisnold.html,Recipe Creators
Betty Lyons,/bettylyons.html,Recipe Creators
Betty Murray,/bettymurray.html,Recipe Creators
Chrisann Gutwein,/chrisanngutwein.html,Recipe Creators
Connie Murray,/conniemurray.html,Recipe Creators
Elaine Stoller,/elainestoller.html,Recipe Creators
Gloria Conn,/gloriaconn.html,Recipe Creators
Janice DeSanto,/janicedesanto.html,Recipe Creators
Janice Jorgenson,/janicejorgenson.html,Recipe Creators
Jill Gutwein,/jillgutwein.html,Recipe Creators
Linda Solms,/lindasolms.html,Recipe Creators
Ruby Shoults,/rubyshoults.html,Recipe Creators
Sharon Ewbank,/sharonewbank.html,Recipe Creators
Sue DeWalt,/suedewalt.html,Recipe Creators
T.R. Knight,/trknight.html,Recipe Creators
Unknown,/unknown.html,Recipe Creators
